VOLTAGE [mV],CURRENT [mA]
-523.49609375,-5.341796875
-518.154296875,-5.341796875
-518.154296875,-5.341796875
-518.154296875,-10.68359375
-518.154296875,-5.341796875
-379.267578125,-5.341796875
-251.064453125,-5.341796875
-26.708984375,-21.3671875
235.0390625,-5.341796875
208.330078125,-0.0
608.96484375,-5.341796875
705.1171875,10.68359375
822.63671875,-5.341796875
763.876953125,-5.341796875
913.447265625,-0.0
1052.333984375,16.025390625
